{
	"files": [
		".\\assets\\media\\entity\\player\\hugging.png",
		".\\assets\\media\\entity\\player\\move-weak.png",
		".\\assets\\media\\entity\\player\\move.png",
		".\\assets\\media\\entity\\player\\poses.png",
		".\\assets\\media\\entity\\player\\special.png",
		".\\assets\\media\\entity\\player\\throw.png",
		".\\assets\\media\\entity\\player\\skins\\xmas-throw.png",
		".\\assets\\media\\entity\\player\\skins\\xmas.png",
		".\\assets\\media\\face\\bunya.png",
		".\\assets\\media\\face\\lea-hand.png",
		".\\assets\\media\\face\\lea-panic.png",
		".\\assets\\media\\face\\lea-special.png",
		".\\assets\\media\\face\\lea.png",
		".\\assets\\media\\face\\lore\\lea.png",
		".\\assets\\media\\gui\\menu.png",
		".\\assets\\media\\gui\\title-bg.png",
		".\\assets\\media\\gui\\skins\\xmas.png",
		".\\assets\\media\\parallax\\title\\lea.png",
		".\\assets\\media\\parallax\\tower\\1-lea.png"
	],
	"default_hair": {
		"title_1": [156, 184, 253],
		"title_2": [62, 106, 217],
		"title_3": [45, 27, 175],
		"title_4": [31, 6, 111],
		"tower_1": [110, 183, 235],
		"tower_2": [75, 102, 210],
		"tower_3": [68, 34, 157],
		"tower_4": [37, 0, 81],
		"menu_1": [157, 184, 253],
		"menu_2": [71, 113, 217],
		"menu_3": [54, 34, 175],
		"player_1": [71, 113, 217],
		"player_2": [19, 61, 164],
		"player_3": [6, 31, 94]
	}, 
	"current_hair": 
	{
		"title_1": [156, 184, 253],
		"title_2": [62, 106, 217],
		"title_3": [45, 27, 175],
		"title_4": [31, 6, 111],
		"tower_1": [110, 183, 235],
		"tower_2": [75, 102, 210],
		"tower_3": [68, 34, 157],
		"tower_4": [37, 0, 81],
		"menu_1": [157, 184, 253],
		"menu_2": [71, 113, 217],
		"menu_3": [54, 34, 175],
		"player_1": [71, 113, 217],
		"player_2": [19, 61, 164],
		"player_3": [6, 31, 94]
	}, 
	"modified_hair": 
	{
		"title_1": [252, 156, 156],
		"title_2": [216, 62, 62],
		"title_3": [173, 27, 27],
		"title_4": [109, 6, 6],
		"tower_1": [234, 110, 110],
		"tower_2": [209, 75, 75],
		"tower_3": [155, 34, 34],
		"tower_4": [79, 0, 0],
		"menu_1": [252, 159, 159],
		"menu_2": [216, 71, 71],
		"menu_3": [173, 34, 34],
		"player_1": [216, 71, 71],
		"player_2": [163, 19, 19],
		"player_3": [91, 6, 6]
	}
}